Target,Model,Train_MAE,Train_R2,Val_MAE,Val_R2,Test_MAE,Test_RMSE,Test_R2,Test_MAPE,Train_Time_s,Overfit_Gap_R2
net_load_MW,LightGBM,26.179839059582456,0.9999000214509705,93.08263892740722,0.9984097217017516,65.75649340043893,103.27242081924396,0.9978921954768848,0.2796023234775838,1.2042157649993896,0.002007825974085664
net_load_MW,XGBoost,49.33337367860611,0.9997090795476822,100.18437153133539,0.9980835784774026,71.52843115795618,109.16201401749079,0.997644925247707,0.30498762125916057,0.7896707057952881,0.002064154299975196
net_load_MW,RandomForest,84.47492712659819,0.998922496987217,146.40875483225852,0.9955799445508976,91.85943696904627,154.05009594034217,0.9953098626255802,0.38961301448589336,5.355634450912476,0.003612634361636835
price_proxy_USD_MWh,LightGBM,7.937522495383507,0.9283989506677325,12.77219307123243,0.7254631986660856,14.430996792240094,18.402795225410276,-0.0034582788798129815,180.779312931014,0.5184202194213867,0.9318572295475455
price_proxy_USD_MWh,XGBoost,8.750086129546492,0.9132816256159346,12.732807705255567,0.7276595571272984,14.191356035989289,18.242218996875824,0.013976959163626623,178.8750208146257,0.5654768943786621,0.899304666452308
price_proxy_USD_MWh,RandomForest,8.359795707939911,0.9140774314660454,12.87034772913388,0.7248407639720238,14.132615278775319,18.153651751627986,0.02352813815827215,179.4311866376157,11.866603374481201,0.8905492933077732
