Target,Model,Test_MAE,Test_R2,Train_R2,Overfit_Gap,Train_Time_s
Net Load,LightGBM,1564.635327574261,0.8433729794262331,0.9970946911592357,0.15372171173300253,2.8218815326690674
Net Load,XGBoost,1428.9594788278346,0.8541061282255713,0.972439174439117,0.11833304621354568,0.7148163318634033
Net Load,RandomForest,1532.8023203444438,0.8337127176543511,0.9470697826531893,0.11335706499883824,4.900208234786987
Net Load,Persistence,1752.614126394052,0.7364796373182598,,,
Price,LightGBM,8.610430345662413,0.5977108276481645,0.989425413368637,0.39171458572047246,2.757863759994507
Price,XGBoost,13.222422665084503,0.15527902238340685,0.7047482748503797,0.5494692524669729,0.47324323654174805
Price,RandomForest,8.402827230435289,0.6140940898190312,0.9040530146337956,0.2899589248147644,4.912432909011841
Price,Persistence,7.023870890039474,0.677123734223328,,,
