Target,Model,Test_MAE,Test_RMSE,Test_R2,Test_MAPE,Train_R2,Overfit_Gap,Train_Time_s
Net Load,LightGBM,1564.635327574261,2145.6793396181624,0.8433729794262331,887.0937218187604,0.9970946911592357,0.15372171173300253,4.070552349090576
Net Load,XGBoost,1428.9594788278346,2070.8564789052093,0.8541061282255713,902.4951753920709,0.972439174439117,0.11833304621354568,0.9200520515441895
Net Load,RandomForest,1532.8023203444436,2210.8587358535356,0.8337127176543511,927.8741944365446,0.9470697826531893,0.11335706499883824,5.723455190658569
Net Load,MLP,3220.3448114662615,3904.3044302937365,0.4814096933046469,1198.1680986375807,0.9958218203110698,0.5144121270064229,8.734963655471802
Net Load,Persistence,1752.614126394052,2783.162511301176,0.7364796373182598,1078.534425561204,,,
