Target,Model,Mean_Error,Std_Error,Skewness,Kurtosis,JB_Stat,JB_p,Normal_JB,SW_Stat,SW_p,Normal_SW,LB_Stat,LB_p,Autocorr_Free
Net Load,LightGBM,19251.997699985513,5409.935338533137,-0.7252205345899676,-0.004845656431247569,117.90061387978606,2.5015373376827425e-26,No,0.9465285162733401,1.1207557315561876e-21,No,5859.554087899873,0.0,No
Net Load,XGBoost,19239.802911788203,5414.487422854204,-0.7243545140321217,-0.007024067580861271,117.62065268852929,2.877397021776716e-26,No,0.9465942428452476,1.1543936812229275e-21,No,5862.264594592161,0.0,No
Net Load,RandomForest,19244.992976883485,5408.9838323898875,-0.7250494172351603,-0.004280794557191214,117.84469434943873,2.5724666976589272e-26,No,0.9465682942104172,1.1409908931255824e-21,No,5859.200116070367,0.0,No
Price,LightGBM,1.3541948112660722,10.523073500499736,0.01759806777689415,0.14609603791725956,1.2655788850142278,0.5311082369185596,Yes,0.9983008699470417,0.19759011338331545,Yes,5787.146284941792,0.0,No
Price,XGBoost,-10.840593386045086,10.448567106034629,0.12465552870682377,0.5498217655334838,20.424944555755285,3.6709599223622e-05,No,0.9946117237917931,9.116093607667852e-05,No,2726.1157034436724,0.0,No
Price,RandomForest,-5.650528290763677,9.087698324434259,0.032456250218231265,1.7639057582266027,174.60213648546033,1.217945339525188e-38,No,0.9838167903973487,4.064920988940019e-11,No,1780.013068182269,0.0,No
